CATEGORY,LINK,TITLE,AUTHOR,DATE,PUBLISHED_IN
Folio,https://yalereview.org/article/laura-dassow-walls-attention-economy,Beyond the Attention Economy,Laura Dassow Walls,"May 23, 2023",
Folio,https://yalereview.org/article/daegan-miller-sharpen-scythe,How to Sharpen a Scythe,Daegan Miller,"May 23, 2023",
Folio,https://yalereview.org/article/ana-schwartz-sublimation-self-possession,Sublimation and Self-Possession,Ana Schwartz,"May 23, 2023",
Folio,https://yalereview.org/article/caleb-smith-saunterers-club,The Saunterers’ Club,Caleb Smith,"May 23, 2023",
Folio,https://yalereview.org/article/cristina-rivera-garza-foreigner,Foreigner,Cristina Rivera Garza,"March 27, 2023",See this issue
Folio,https://yalereview.org/article/alejandro-zambra-penultimate-activities,Penultimate Activities,Alejandro Zambra,"March 27, 2023",See this issue
Folio,https://yalereview.org/article/nona-fernandez-illumination-santiago,The Illumination of Santiago,Nona Fernández,"March 27, 2023",See this issue
Folio,https://yalereview.org/article/uljana-wolf-dictee-hidden-words,Hidden Words,Uljana Wolf,"September 1, 2022",See this issue
Folio,https://yalereview.org/article/patterson-dictee-reclaiming-language,Reclaiming Our Language,Zahra Patterson,"September 1, 2022",See this issue
Folio,https://yalereview.org/article/latipa-dictee-space-grieve,Space to Grieve,Latipa,"September 1, 2022",See this issue
Folio,https://yalereview.org/article/chen-dictee-introduction-cha,The Stakes of Dictee,Ken Chen,"September 1, 2022",See this issue
Folio,https://yalereview.org/article/min-dictee-cha-weight-memory,The Weight of Memory,Yong Soon Min,"September 1, 2022",See this issue
Poetry,https://yalereview.org/article/golden-poem-reprise,& WHEN THEY COME FOR ME (REPRISE),Golden,"July 11, 2022",
Essays,https://yalereview.org/article/evans-akron-ohio,Akron State of Mind,William Evans,"July 11, 2022",
Poetry,https://yalereview.org/article/james-ars-diaspora,Ars Diaspora with Drinking Gourd,Omotara James,"July 11, 2022",
Folio,https://yalereview.org/article/williams-hauntology-folio,Black Hauntology: An Introduction,Phillip B. Williams,"July 11, 2022",
Conversations,https://yalereview.org/article/hauntology-conversation,Raising the Dead,"Aricka Foreman,","July 11, 2022",
Essays,https://yalereview.org/article/henry-dumas-poet-death,The Ghost of Henry Dumas,Treasure Shields Redmond,"July 11, 2022",
The Moment,https://yalereview.org/article/covid-doctor-uncertainty-kolbe,The Physician as Patient,Laura Kolbe,"June 1, 2022",See this issue
Pandemic Files,https://yalereview.org/article/ryan-black-poem,"From ""You Were Never Lovelier""",Ryan Black,"March 14, 2022",
Pandemic Files,https://yalereview.org/article/lockdown-quarantine-covid-libman,Lighted Windows in Lockdown,Ben Libman,"March 14, 2022",
Pandemic Files,https://yalereview.org/article/fady-joudah-poem,The Mother Between Us,Fady Joudah,"March 14, 2022",
,https://yalereview.org/article/collectors-item,Collector's Item,Eula Biss,"March 1, 2022",See this issue
Essays,https://yalereview.org/article/retief-rethinking-property-south-africa,Communalism in the Veld,Glen Retief,"March 1, 2022",See this issue
Poetry,https://yalereview.org/article/john-jeremiah-sullivan-guest-house,Guest House,John Jeremiah Sullivan,"March 1, 2022",See this issue
Essays,https://yalereview.org/article/josé-vadi-skateboarding-streets,More Joy and Less Cool,José Vadi,"March 1, 2022",See this issue
Folio,https://yalereview.org/article/eula-biss-ownership-folio,Ownership: An Introduction,Eula Biss,"March 1, 2022",See this issue
Essays,https://yalereview.org/article/sloan-black-shape-taliesin,The Black Shape Slumped in a Chair,Aisha Sabatini Sloan,"March 1, 2022",See this issue
Fiction,https://yalereview.org/article/nami-mun-fiction,The Hermit,Nami Mun,"March 1, 2022",See this issue
Essays,https://yalereview.org/article/cabeza-vanegas-unspeakable-pain,Unspeakable Pain,Lina María Ferreira Cabeza-Vanegas,"March 1, 2022",See this issue
Poetry,https://yalereview.org/article/david-trinidad-neighborhood-chatsworth,"An Attempt at Exhausting a Neighborhood in Chatsworth, California",David Trinidad,"February 28, 2022",See this issue
Poetry,https://yalereview.org/article/tiphanie-yanique-pleasure-ride,Invitation to a Pleasure Ride with Phillis Wheatley as Honored Guest,Tiphanie Yanique,"February 28, 2022",See this issue
Essays,https://yalereview.org/article/aminatta-forma-trauma-overuse,Who Owns Your Story?,Aminatta Forna,"February 28, 2022",See this issue
Poetry,https://yalereview.org/article/folio-new-direction-american-poetry,A New Direction in American Poetry,,"January 1, 2020",See this issue
Poetry,https://yalereview.org/article/bent-lyre,Bent Lyre,Sandra Lim,"January 1, 2020",See this issue
Poetry,https://yalereview.org/article/blood,Blood,Margaret Ross,"January 1, 2020",See this issue
Poetry,https://yalereview.org/article/ceremony,Ceremony,Margaret Ross,"January 1, 2020",See this issue
Poetry,https://yalereview.org/article/dont-let-me-down,Don’t Let Me Down,Sarah Trudgeon,"January 1, 2020",See this issue
Poetry,https://yalereview.org/article/alain,For Alain,Anaïs Duplan,"January 1, 2020",See this issue
Poetry,https://yalereview.org/article/greenish-picture,Greenish Picture,Margaret Ross,"January 1, 2020",See this issue
Poetry,https://yalereview.org/article/information-desk,Information Desk,Robyn Schiff,"January 1, 2020",See this issue
Poetry,https://yalereview.org/article/san-francisco,San Francisco,Sandra Lim,"January 1, 2020",See this issue
Poetry,https://yalereview.org/article/sestina-where-every-end-word-lyndon-johnson,Sestina Where Every End Word Is Lyndon Johnson,Sasha Debevec-McKenney,"January 1, 2020",See this issue
Poetry,https://yalereview.org/article/hell-test-seven-springs,The Hell Test (Seven Springs),Daniel Poppick,"January 1, 2020",See this issue
Poetry,https://yalereview.org/article/stronger,The Stronger,Sandra Lim,"January 1, 2020",See this issue
Poetry,https://yalereview.org/article/when-i-met-sharon-olds-she-told-me-write-poem-about-lbjs-penis,When I Met Sharon Olds She Told Me to Write A Poem About LBJ’s Penis,Sasha Debevec-McKenney,"January 1, 2020",See this issue
